<?xml version="1.0" encoding="utf-8"?>
<catalogo>
    <pelicula>
        <id>1</id>
        <titulo>La guerra de las galaxias: Episodio 1-La amenaza fantasma</titulo>
        <descripcion>primer episodio de la trilogia mala de Star Wars</descripcion>
        <poster>../img/SWI.jpg</poster>
        <director>George Lucas</director>
        <precio>18.99</precio>
        <categoria>Aventura</categoria>
        <anno>1999</anno>
        <actores>
            <actor>
                <nombre>Jake Lloyd</nombre>
                <personaje>Anakin Skywalker</personaje>
                <foto>../img/anakin.jpg</foto>
            </actor>
        </actores>
    </pelicula>

    <pelicula>
        <id>2</id>
        <titulo>El Club de la Lucha</titulo>
        <descripcion>hola, soy un texo de prueba</descripcion>
        <poster>../img/FC.jpg</poster>
        <director>George Lucas</director>
        <precio>18.99</precio>
        <categoria>Aventura</categoria>
        <anno>1999</anno>
        <actores>
            <actor>
                <nombre>Jake Lloyd</nombre>
                <personaje>Anakin Skywalker</personaje>
                <foto>../img/anakin.jpg</foto>
            </actor>
        </actores>
    </pelicula>

    <pelicula>
        <id>3</id>
        <titulo>Murder On The Owl Express</titulo>
        <descripcion>much intense, very wow. Detectives + murder = train</descripcion>
        <poster>../img/murder-on-the-owl-express.jpg</poster>
        <director>Conductor</director>
        <precio>29.99</precio>
        <categoria>Misterio</categoria>
        <anno>2017</anno>
        <actores>
            <actor>
                <nombre>Some Girl</nombre>
                <personaje>Hat Kid</personaje>
                <foto>../img/hat-kid.jpg</foto>
            </actor>
            <actor>
                <nombre>The Crows</nombre>
                <personaje>suspicious detectives</personaje>
                <foto>../img/anakin.jpg</foto>
            </actor>
        </actores>
    </pelicula>

    <pelicula>
        <id>4</id>
        <titulo>Shrek</titulo>
        <descripcion>documental sobre cebollas</descripcion>
        <poster>../img/shrek-1.jpg</poster>
        <director>Andrew Adamson</director>
        <precio>29.99</precio>
        <categoria>Fantasía</categoria>
        <anno>2003</anno>
        <actores>
            <actor>
                <nombre>Shrek</nombre>
                <personaje>himself</personaje>
                <foto>../img/shrek-actor.jpg</foto>
            </actor>
            <actor>
                <nombre>Donkey</nombre>
                <personaje>Donkey</personaje>
                <foto>../img/asno-actor.jpg</foto>
            </actor>
        </actores>
    </pelicula>

    <pelicula>
        <id>5</id>
        <titulo>Shrek 2</titulo>
        <descripcion>Shrek en un castillo</descripcion>
        <poster>../img/shrek-2.jpg</poster>
        <director>Andrew Adamson</director>
        <precio>29.99</precio>
        <categoria>Fantasía</categoria>
        <anno>2004</anno>
        <actores>
            <actor>
                <nombre>Shrek</nombre>
                <personaje>himself</personaje>
                <foto>../img/shrek-actor.jpg</foto>
            </actor>
            <actor>
                <nombre>Donkey</nombre>
                <personaje>Donkey</personaje>
                <foto>../img/asno-actor.jpg</foto>
            </actor>
        </actores>
    </pelicula>

    <pelicula>
        <id>6</id>
        <titulo>Shrek Tercero</titulo>
        <descripcion>Shrek en un barco</descripcion>
        <poster>../img/shrek-3.jpg</poster>
        <director>Andrew Adamson</director>
        <precio>29.99</precio>
        <categoria>Fantasía</categoria>
        <anno>2007</anno>
        <actores>
            <actor>
                <nombre>Shrek</nombre>
                <personaje>himself</personaje>
                <foto>../img/shrek-actor.jpg</foto>
            </actor>
            <actor>
                <nombre>Donkey</nombre>
                <personaje>Donkey</personaje>
                <foto>../img/asno-actor.jpg</foto>
            </actor>
        </actores>
    </pelicula>

    <pelicula>
        <id>7</id>
        <titulo>Shrek: Felices para siempre</titulo>
        <descripcion>Shrek rompe las leyes de la física moderna y viaja a universos paralelos. Too much ogres: 7/10</descripcion>
        <poster>../img/shrek-4.jpg</poster>
        <director>Andrew Adamson</director>
        <precio>29.99</precio>
        <categoria>Fantasía</categoria>
        <anno>2010</anno>
        <actores>
            <actor>
                <nombre>Shrek</nombre>
                <personaje>himself</personaje>
                <foto>../img/shrek-actor.jpg</foto>
            </actor>
            <actor>
                <nombre>Donkey</nombre>
                <personaje>Donkey</personaje>
                <foto>../img/asno-actor.jpg</foto>
            </actor>
        </actores>
    </pelicula>

</catalogo>
